corruption,severity,accuracy,glioma_recall,p@5_frozen,p@5_supcon,param
clean,0,0.6928104758262634,0.23999999463558197,0.6790849566459656,0.700653612613678,
gaussian_noise,1,0.4771241843700409,0.05000000074505806,0.4901960790157318,0.48366013169288635,0.05
gaussian_noise,2,0.05882352963089943,0.0,0.06078431382775307,0.05882352963089943,0.1
gaussian_noise,3,0.0555555559694767,0.0,0.0555555559694767,0.0555555559694767,0.2
gaussian_blur,1,0.43790850043296814,0.10999999940395355,0.4686274528503418,0.48627451062202454,1.0
gaussian_blur,2,0.3921568691730499,0.05000000074505806,0.41699346899986267,0.4300653636455536,2.0
gaussian_blur,3,0.3986928164958954,0.009999999776482582,0.3921568691730499,0.39084967970848083,4.0
brightness,1,0.7189542651176453,0.3199999928474426,0.7222222089767456,0.7084967494010925,0.8
brightness,2,0.6928104758262634,0.3199999928474426,0.7091503143310547,0.7052287459373474,0.6
brightness,3,0.6372548937797546,0.3400000035762787,0.6352941393852234,0.6470588445663452,0.4
contrast,1,0.7124183177947998,0.2800000011920929,0.7156862616539001,0.7026143670082092,0.8
contrast,2,0.7058823704719543,0.3199999928474426,0.7156862616539001,0.7163398861885071,0.6
contrast,3,0.6699346303939819,0.3499999940395355,0.6751633882522583,0.6869280934333801,0.4
rotation,1,0.7091503143310547,0.23999999463558197,0.6967320442199707,0.6960784196853638,10.0
rotation,2,0.686274528503418,0.2199999988079071,0.6908496618270874,0.6810457706451416,20.0
rotation,3,0.6928104758262634,0.25999999046325684,0.6764705777168274,0.6620914936065674,30.0
jpeg,1,0.6209150552749634,0.20000000298023224,0.6267973780632019,0.6509804129600525,50.0
jpeg,2,0.6307189464569092,0.2199999988079071,0.5967320203781128,0.6274510025978088,20.0
jpeg,3,0.6241829991340637,0.20999999344348907,0.5679738521575928,0.5797385573387146,10.0
